Штукатурки,"Штукатурка гипсовая Лучшая цена, 30 кг","168,00"
Штукатурки,"Алебастр, 5 кг","44,00"
Штукатурки,Штукатурка гипсовая Axton 2.5 кг,"72,00"
Штукатурки,Штукатурка цементная Axton 5 кг,"90,00"
Штукатурки,Побелка меловая Axton 5 кг,"107,00"
Штукатурки,Штукатурка гипсовая Axton 5 кг,"108,00"
Штукатурки,"Смесь штукатурно-кладочная М-200, 25 кг (Баркрафт)","115,00"
Штукатурки,"Гипс cтроительный Геркулес Г-5, 16 кг","193,00"
Штукатурки,"Штукатурка гипсовая Knauf Ротбанд, 10 кг","197,00"
Штукатурки,"Штукатурка цементная Axton, 25 кг","211,00"
Штукатурки,"Штукатурка гипсовая Ротгипс, 25 кг","235,00"
Штукатурки,"Штукатурка Knauf ХП Старт, 25 кг","238,00"
Штукатурки,"Штукатурка цементная Bergauf Bau Putz Zement, 25 кг","240,00"
Штукатурки,"Штукатурка гипсовая Axton, 30 кг","267,00"
Штукатурки,"Штукатурка гипсовая Bergauf EasyBand, 30 кг","280,00"
Штукатурки,"Штукатурка для ячеистого бетона Ceresit CT24 Light, 20 кг","290,00"
Штукатурки,"Штукатурка гипсовая Knauf Ротбанд, 25 кг","363,00"
Штукатурки,"Штукатурка Knauf Диамант, 25 кг","395,00"
Штукатурки,"Штукатурка гипсовая Glims SatiN, 30 кг","398,00"
Штукатурки,"Декоративная штукатурка с фактурой Короед Bergauf Dekor, 25 кг","520,00"
Шпаклёвки,Шпаклёвка гипсовая базовая Axton 5 кг,"117,00"
Шпаклёвки,Шпаклёвка для швов гипсокартона Axton 5 кг,"118,00"
Шпаклёвки,Шпаклевка полимерная финишная Axton 5 кг,"128,00"
Шпаклёвки,Шпаклёвка цементная финишная Axton 5 кг,"157,00"
Шпаклёвки,"Шпаклёвка для заделки швов Glims MasterFlott, 5 кг","218,00"
Шпаклёвки,"Шпаклёвка гипсовая Knauf Фуген, 10 кг","241,00"
Шпаклёвки,"Шпаклёвка финишная Weber Vetonit LR Plus, 5 кг","255,00"
Шпаклёвки,"Финишпаста полимерная Semin Rebouchage & Lissage, 4 кг","316,00"
Шпаклёвки,"Шпаклёвка гипсовая Axton, 25 кг","328,00"
Шпаклёвки,"Шпаклёвка полимерная финишная Weber Vetonit KR, 20 кг","347,00"
Шпаклёвки,"Шпаклёвка полимерная Axton, 25 кг","358,00"
Шпаклёвки,"Шпаклёвка полимерная водостойкая Геркулес, 20 кг","375,00"
Шпаклёвки,"Шпаклёвка финишная Knauf Ротбанд Паста Профи, 5 кг","396,00"
Шпаклёвки,"Шпаклёвка цементная Bergauf Finish Zement, 20 кг","410,00"
Шпаклёвки,"Шпаклёвка для заделки швов Semin Sem-Joint, 7 кг","448,00"
Шпаклёвки,"Шпаклёвка базовая Semin Sem-BS, 8 кг","461,00"
Шпаклёвки,"Шпаклёвка гипсовая Knauf Фуген, 25 кг","463,00"
Шпаклёвки,"Шпаклёвка гипсовая Knauf Ротбанд Финиш, 25 кг","475,00"
Шпаклёвки,"Шпаклёвка полимерная влагостойкая Semin Hercule, 1,5 кг","490,00"
Шпаклёвки,"Шпаклёвка полимерная финишная Weber Vetonit LR Plus, 20 кг","518,00"
Шпаклёвки,"Шпаклёвка Weber.vetonit Facade, цвет белый, 20 кг","535,00"
Шпаклёвки,"Шпаклёвка финишная влагостойкая Semin Sem-WP, 8 кг","544,00"
Шпаклёвки,"Шпаклёвка финишная влагостойкая Semin Oscar, 1,5 кг","553,00"
Шпаклёвки,"Шпаклёвка для заделки швов Glims MasterFlott, 16 кг","562,00"
Шпаклёвки,"Шпаклёвка эластичная Semin Fiberlastic, 1.5 кг","568,00"
Шпаклёвки,"Финишпаста полимерная Semin Sem-Joint Hydro, 7 кг","600,00"
Шпаклёвки,"Шпаклёвка для древесных плит Semin Sem-OSB, 8 кг","672,00"
Шпаклёвки,"Шпаклёвка универсальная Axton, 25 кг","787,00"
Шпаклёвки,"Шпаклёвка финишная Knauf Ротбанд Паста Профи, 18 кг","827,00"
Шпаклёвки,"Шпаклёвка для заделки швов Semin Sem-Joint, 25 кг","1 060,00"
Сухие смеси для пола,"Стяжка пола Axton, 25 кг","170,00"
Сухие смеси для пола,"Наливной пол Axton, 20 кг","238,00"
Сухие смеси для пола,"Стяжка пола Bergauf Base, 25 кг","240,00"
Сухие смеси для пола,"Наливной пол быстротвердеющий Weber Vetonit Fast Level, 20 кг","311,00"
Сухие смеси для пола,"Наливной пол Ceresit CN 175, 20 кг","315,00"
Сухие смеси для пола,"Наливной пол Bergauf Easy Boden, 25 кг","323,00"
Сухие смеси для пола,"Наливной пол Bergauf Boden Zement Medium, 25 кг","408,00"
Монтажные и кладочные смеси,Пескобетон М300 Axton 5 кг,"73,00"
Монтажные и кладочные смеси,"Смесь цементно-песчаная М150, 25 кг (Баркрафт)","99,00"
Монтажные и кладочные смеси,"Пескобетон М300, 25 кг (Баркрафт)","120,00"
Монтажные и кладочные смеси,Ремонтный состав Axton 5 кг,"121,00"
Монтажные и кладочные смеси,Ремонтный состав термостойкий Axton 5 кг,"133,00"
Монтажные и кладочные смеси,"Клей для газоблоков Axton, 25 кг","187,00"
Монтажные и кладочные смеси,"Пескобетон Axton, 30 кг","197,00"
Монтажные и кладочные смеси,"Глина шамотная, 20 кг","300,00"
Монтажные и кладочные смеси,"Клей гипсовый монтажный Knauf Перлфикс, 30 кг","307,00"
Монтажные и кладочные смеси,"Смесь огнеупорная, 20 кг","314,00"
Монтажные и кладочные смеси,"Клей для утеплителя Bergauf Isofix, 25 кг","390,00"
Грунтовки,"Грунт акриловый универсальный, 10 л","127,00"
Грунтовки,"Грунт адгезивный Glims БетоContact, 4 кг","278,00"
Грунтовки,"Грунт Glims DeepPrimeГрунт, 5 л","283,00"
Грунтовки,"Бетонконтакт Axton, 6 кг","323,00"
Грунтовки,"Грунт для впитывающих оснований Ceresit CT17, 5 кг","333,00"
Грунтовки,"Грунт Бетонконтакт Ceresit CT19, 5 кг","408,00"
Грунтовки,"Грунт Glims DeepPrimeГрунт, 10 л","555,00"
Грунтовки,"Грунт для впитывающих оснований Ceresit CT17, 10 кг","555,00"
Грунтовки,"Бетонконтакт Axton, 12 кг","567,00"
Грунтовки,"Грунт Knauf Тифенгрунд, 10 л","656,00"
Грунтовки,"Грунт адгезивный Glims БетоContact, 12 кг","762,00"
Грунтовки,"Бетонконтакт Axton, 18 кг","844,00"
Грунтовки,"Грунт Бетонконтакт Ceresit CT19, 15 кг","1 052,00"
Грунтовки,"Грунт концентрат Ceresit CT17, 10 л","2 373,00"
"Сыпучие материалы (цемент, песок, керамзит)","Щебень фракция 5-20 мм, 30 кг","54,00"
"Сыпучие материалы (цемент, песок, керамзит)","Песок, 30 кг","54,00"
"Сыпучие материалы (цемент, песок, керамзит)","Отсев фракция 0-5 мм, 30 кг","83,00"
"Сыпучие материалы (цемент, песок, керамзит)",Цемент Axton 5 кг цвет серый,"100,00"
"Сыпучие материалы (цемент, песок, керамзит)",Клей для изделий из гипса Axton 5 кг,"102,00"
"Сыпучие материалы (цемент, песок, керамзит)","Керамзит фракция 10-20 мм, 40 л","158,00"
"Сыпучие материалы (цемент, песок, керамзит)","Керамзит фракция 0-5 мм, 0,04 м3","173,00"
"Сыпучие материалы (цемент, песок, керамзит)","Засыпка керамзитовая, 0.04 м3","236,00"
"Сыпучие материалы (цемент, песок, керамзит)","Портландцемент М400, 50 кг","249,00"
Добавки для строительных растворов,"Фибра для бетонов и растворов Fibrа, 150 г","100,00"
Добавки для строительных растворов,"Фибра для бетонов и растворов Sika SikaFiber PPM-12, 150 г","122,00"
Добавки для строительных растворов,"Клей ПВА строительный Elast, 2.5 кг","144,00"
Добавки для строительных растворов,"Клей ПВА строительный, 2.5 кг","148,00"
Добавки для строительных растворов,"Стекло жидкое, 3.5 кг","150,00"
Добавки для строительных растворов,"Пластификатор для растворов Sika MixPlus, 0.9 л","244,00"
Добавки для строительных растворов,"Стекло жидкое Liqui, 7 кг","288,00"
Добавки для строительных растворов,"Пластификатор для бетона Sika Sikament BV-3M, 1 л","330,00"
Добавки для строительных растворов,"Клей ПВА строительный Elast, 10 кг","462,00"
Добавки для строительных растворов,"Стекло жидкое, 15 кг","462,00"
Добавки для строительных растворов,"Клей ПВА строительный, 10 кг","482,00"
Добавки для строительных растворов,Добавка для кладки Cemmix CemStone,"550,00"
Добавки для строительных растворов,Добавка для тёплых полов Cemmix CemThermo,"556,00"
Добавки для строительных растворов,Суперпластификатор Cemmix CemPlast,"558,00"
"Клеи для плитки, камня и изоляции",Клей для камня Axton 5 кг цвет серый,"136,00"
"Клеи для плитки, камня и изоляции",Клей для камня Axton 5 кг цвет белый,"158,00"
"Клеи для плитки, камня и изоляции",Герметик кровельный битумный Soudal 300 мл,"224,00"
"Клеи для плитки, камня и изоляции","Клей для керамической плитки Bergauf Keramik, 25 кг","225,00"
"Клеи для плитки, камня и изоляции","Клей для плитки Knauf Флизен, 25 кг","234,00"
"Клеи для плитки, камня и изоляции","Клей для керамической плитки усиленный Bergauf Keramik Pro, 25 кг","238,00"
"Клеи для плитки, камня и изоляции","Клей монтажный Titeseal, 280 мл, цвет прозрачный","267,00"
"Клеи для плитки, камня и изоляции","Клей для камня и керамогранита Weber Vetonit Stone Fix, 25 кг","298,00"
"Клеи для плитки, камня и изоляции",Герметик профессиональный кровельный Soudal 310 мл бесцветный,"362,00"
"Клеи для плитки, камня и изоляции","Клей для керамической плитки Bergauf Keramik Maximum, 25 кг","380,00"
Малые проекты (мелкая фасовка),"Алебастр, 5 кг","44,00"
Малые проекты (мелкая фасовка),"Штукатурка гипсовая Knauf Ротбанд, 10 кг","197,00"
Малые проекты (мелкая фасовка),"Шпаклёвка для заделки швов Glims MasterFlott, 5 кг","218,00"
Малые проекты (мелкая фасовка),"Шпаклёвка гипсовая Knauf Фуген, 10 кг","241,00"
Малые проекты (мелкая фасовка),"Шпаклёвка финишная Weber Vetonit LR Plus, 5 кг","255,00"
Малые проекты (мелкая фасовка),"Финишпаста полимерная Semin Rebouchage & Lissage, 4 кг","316,00"
Малые проекты (мелкая фасовка),"Шпаклёвка финишная Knauf Ротбанд Паста Профи, 5 кг","396,00"
Малые проекты (мелкая фасовка),"Шпаклёвка для заделки швов Semin Sem-Joint, 7 кг","448,00"
Малые проекты (мелкая фасовка),"Шпаклёвка базовая Semin Sem-BS, 8 кг","461,00"
Малые проекты (мелкая фасовка),"Шпаклёвка полимерная влагостойкая Semin Hercule, 1,5 кг","490,00"
Малые проекты (мелкая фасовка),"Шпаклёвка финишная влагостойкая Semin Sem-WP, 8 кг","544,00"
Малые проекты (мелкая фасовка),"Шпаклёвка финишная влагостойкая Semin Oscar, 1,5 кг","553,00"
Малые проекты (мелкая фасовка),"Шпаклёвка эластичная Semin Fiberlastic, 1.5 кг","568,00"
Малые проекты (мелкая фасовка),"Финишпаста полимерная Semin Sem-Joint Hydro, 7 кг","600,00"
Малые проекты (мелкая фасовка),"Шпаклёвка для древесных плит Semin Sem-OSB, 8 кг","672,00"
Гипсокартон,Гипсокартон 2500x1200x9.5 мм,"112,00"
Гипсокартон,Гипсокартон 2500x1200х12.5 мм,"168,00"
Гипсокартон,Гипсокартон Knauf ГСП-А 1500x600x12.5 мм,"113,00"
Гипсокартон,Гипсокартон влагостойкий 2500x1200х12.5 мм,"325,00"
Гипсокартон,Гипсокартон влагостойкий Knauf ГСП-Н 1500x600х12.5,"183,00"
Гипсокартон,Гипсокартон Knauf ГСП-А 2500x1200x9.5 мм,"196,00"
Гипсокартон,Гипсокартон Knauf-Лист ГСП-А 2000х1200х12.5 мм,"204,00"
Гипсокартон,Гипсокартон Knauf ГСП-А 2500x1200х12.5 мм,"206,00"
Гипсокартон,Гипсокартон влагостойкий Gyproc Эрго 2000x900x12.5 мм,"264,00"
Гипсокартон,Гипсокартон влагостойкий Knauf ГСП-Н2 2500x1200х12.5 мм,"332,00"
Гипсокартон,Гипсокартон влагостойкий Knauf ГСП-Н2 2500x1200х9.5 мм,"341,00"
Гипсокартон,Гипсокартон влагостойкий 2500x1200х9.5 мм,"374,00"
Гипсокартон,Гипсокартон влагостойкий Vetonit Solid Hydro 2500x1200x15 мм,"452,00"
Гипсокартон,Аквапанель универсальная DIY 800x1200x8 мм,"522,00"
Блоки строительные,Блок газобетонный 100x250x600 мм,"68,00"
Блоки строительные,Блок газобетонный 200x250x600 мм,"148,00"
Плиты пазогребневые,Плита гипсовая пазогребневая пустотелая 667x500x80 мм,"121,00"
Плиты пазогребневые,Плита гипсовая пазогребневая влагостойкая пустотелая 667x500x80 мм,"278,00"
Кирпич,Кирпич керамический одинарный пустотелый М125 красный,"15,00"
Кирпич,Кирпич полнотелый одинарный М200,"18,00"
Кирпич,Кирпич огнеупорный ША-5,"57,00"
"Профили, маяки, уголки",Профиль маячковый (ПМ) 6x3000 мм,"23,00"
"Профили, маяки, уголки",Угол арочный ПВХ перфорированный 25x25x3000 мм,"25,00"
"Профили, маяки, уголки",Угол перфорированный ПВХ 25х25x3000 мм,"25,00"
"Профили, маяки, уголки",Профиль маячковый (ПМ) 10x3000 мм,"28,00"
"Профили, маяки, уголки",Профиль потолочный направляющий (ППН) Эконом 27x28x3000 мм,"36,00"
"Профили, маяки, уголки",Угол оцинкованный перфорированный 25x25x3000 мм,"36,00"
"Профили, маяки, уголки",Профиль маячковый (ПМ) Премиум 10x3000 мм,"38,00"
"Профили, маяки, уголки",Профиль углозащитный оцинкованный Премиум 20х20x3000 мм,"38,00"
"Профили, маяки, уголки","Профиль потолочный (ППН) «Удобный» 27х28х1500 мм 0,6 мм","48,00"
"Профили, маяки, уголки",Профиль потолочный (ПП) Эконом 60x27x3000 мм,"60,00"
"Профили, маяки, уголки",Профиль направляющий (ПН-2) Эконом 50x40x3000 мм,"63,00"
"Профили, маяки, уголки",Угол ПВХ с сеткой 80х120x2500 мм,"67,00"
"Профили, маяки, уголки",Профиль угловой (ПУ) оцинкованный сетчатый 35x35x3000 мм,"74,00"
"Профили, маяки, уголки","Профиль потолочный (ПП) «Удобный» 60х27х1500 мм 0,6 мм","75,00"
"Профили, маяки, уголки",Профиль стоечный (ПС-2) Эконом 50x50x3000 мм,"80,00"
"Профили, маяки, уголки",Профиль потолочный направляющий (ППН) Standers 27х28x3000 мм,"108,00"
"Профили, маяки, уголки",Профиль потолочный направляющий (ППН) Knauf 28х27х3000 мм,"108,00"
"Профили, маяки, уголки",Профиль направляющий (ПН-4) Эконом 75x40x3000 мм,"120,00"
"Профили, маяки, уголки",Профиль потолочный (ПП) Knauf 60х27х3000 мм,"155,00"
"Профили, маяки, уголки",Профиль потолочный (ПП) Standers 60х27x3000 мм,"157,00"
"Профили, маяки, уголки",Профиль направляющий (ПН-2) Standers 50х40x3000 мм,"166,00"
"Профили, маяки, уголки",Профиль направляющий (ПН) Knauf 50x40x3000 мм,"168,00"
"Профили, маяки, уголки",Профиль стоечный (ПС-2) Standers 50х50x3000 мм,"200,00"
"Профили, маяки, уголки",Профиль стоечный (ПС) Knauf 50x50x3000 мм,"214,00"
"Профили, маяки, уголки",Профиль гибкий 60х27x1000 мм,"224,00"
"Профили, маяки, уголки",Профиль направляющий (ПН) Knauf 75x40x3000 мм,"241,00"
"Профили, маяки, уголки","Маяки реперные для наливных полов, 20 шт.","275,00"
"Профили, маяки, уголки",Профиль стоечный (ПС-4) Knauf 75x50x3000 мм,"276,00"
"Профили, маяки, уголки",Комплект для дверного проема 50х40 мм,"1 692,00"
Стеклоблоки,Стеклоблок Богема Волна бесцветный,"177,00"
Стеклоблоки,Стеклоблок Богема Савона бесцветный,"186,00"
Стеклоблоки,Стеклоблок Богема Арктика бесцветный,"186,00"
Стеклоблоки,Стеклоблок Богема Савона цвет ярко-медовый,"253,00"
Стеклоблоки,Стеклоблок Богема Савона цвет ярко-бронзовый,"253,00"
Стеклоблоки,Стеклоблок Богема Волна цвет ярко-рубиновый,"253,00"
Стеклоблоки,Стеклоблок Богема Волна цвет ярко-бирюзовый,"253,00"
Стеклоблоки,Стеклоблок Богема Волна окрашенный в массе цвет графитовый,"260,00"
Стеклоблоки,Стеклоблок Богема Волна окрашенный в массе цвет зелёный,"260,00"
Стеклоблоки,Стеклоблок Богема Волна окрашенный в массе цвет голубой,"260,00"
Аксессуары для монтажа гипсокартона,Тяга подвеса 250 мм,"6,00"
Аксессуары для монтажа гипсокартона,"Подвес прямой для потолочного профиля 60x27 мм, Евростандарт","5,00"
Аксессуары для монтажа гипсокартона,"Подвес прямой для потолочного профиля 60х27 мм, Премиум","7,00"
Аксессуары для монтажа гипсокартона,Тяга подвеса 350 мм,"7,00"
Аксессуары для монтажа гипсокартона,Удлинитель потолочного профиля 60x27 мм,"6,00"
Аксессуары для монтажа гипсокартона,Соединитель потолочных профилей 60х27 мм двухуровневый,"8,90"
Аксессуары для монтажа гипсокартона,Тяга подвеса 500 мм,"10,00"
Аксессуары для монтажа гипсокартона,Тяга подвеса 1000 мм,"12,00"
Аксессуары для монтажа гипсокартона,Соединитель потолочных профилей 60х27 мм одноуровневый (краб),"13,00"
Аксессуары для монтажа гипсокартона,Подвес анкерный для потолочного профиля 60x27 мм,"15,00"
Аксессуары для монтажа гипсокартона,"Соединитель потолочных профилей 60х27 мм одноуровневый (краб), Премиум","17,00"
Аксессуары для монтажа гипсокартона,"Люк смотровой для гипсокартона 200х200 мм, металл","298,00"
Аксессуары для монтажа гипсокартона,"Люк смотровой для гипсокартона 300х300 мм, металл","358,00"
Аксессуары для монтажа гипсокартона,"Люк смотровой для гипсокартона 500х500 мм, металл","658,00"
Аксессуары для монтажа гипсокартона,Люк потайной Maxitech 300x300 мм,"1 391,00"
Аксессуары для монтажа гипсокартона,Люк потайной Maxitech Плюс 300x300 мм,"1 683,00"
Аксессуары для монтажа гипсокартона,Люк потайной Maxitech 400x400 мм,"1 823,00"
Аксессуары для монтажа гипсокартона,Люк потайной Maxitech Плюс 600x600 мм,"2 298,00"
Гипсоволокнистые листы,Knauf-Суперпол влагостойкий 20x600x1200 мм,"327,00"
Стеклосетки и стеклохолсты,Стеклосетка малярная Axton 2х2 мм 1х20 м,"454,00"
Стеклосетки и стеклохолсты,Стеклохолст 1х50 м,"512,00"
Стеклосетки и стеклохолсты,Стеклосетка штукатурная Axton 5х5 мм 1х20 м,"518,00"
Стеклосетки и стеклохолсты,Стеклосетка малярная Axton 2х2 мм 1х50 м,"845,00"
Стеклосетки и стеклохолсты,Стеклосетка штукатурная Axton 5х5 мм 1х50 м,"912,00"
Стеклосетки и стеклохолсты,Сетка фасадная Axton 4х4 мм 1х50 м,"1 933,00"
Уплотнительная лента и серпянка для гипсокартона,Серпянка Axton 45 мм х 20 м,"36,00"
Уплотнительная лента и серпянка для гипсокартона,Серпянка Axton 45 мм х 45 м,"67,00"
Уплотнительная лента и серпянка для гипсокартона,Лента для стыков гипсокартона 50 мм х 50 м,"67,00"
Уплотнительная лента и серпянка для гипсокартона,Лента для стыков гипсокартона 50 мм х 90 м,"104,00"
Уплотнительная лента и серпянка для гипсокартона,Лента для стыков гипсокартона (перфорированная) 50 мм х 50 м,"107,00"
Уплотнительная лента и серпянка для гипсокартона,Серпянка Axton 45 мм х 90 м,"130,00"
Уплотнительная лента и серпянка для гипсокартона,Серпянка Axton 150 мм х 20 м,"134,00"
Уплотнительная лента и серпянка для гипсокартона,Лента для стыков гипсокартона 50 мм х 150 м,"158,00"
Уплотнительная лента и серпянка для гипсокартона,Лента углоформирующая (метал) 50 мм х 15 м,"188,00"
Уплотнительная лента и серпянка для гипсокартона,Лента для стыков гипсокартона (перфорированная) 50 мм х 150 м,"228,00"
Уплотнительная лента и серпянка для гипсокартона,Серпянка Axton 45 мм х 150 м,"234,00"
Уплотнительная лента и серпянка для гипсокартона,Лента углоформирующая (метал) 50 мм х 30 м,"259,00"
Теплоизоляция,"Каменная вата Изобокс 50 мм, 8.64 м2","518,00"
Теплоизоляция,Жгут теплоизоляционный Вилатерм 10 мм x 15 м,"15,00"
Теплоизоляция,Жгут теплоизоляционный Вилатерм 6 мм x 30 м,"18,00"
Теплоизоляция,Утеплитель XPS 20х585х1185 мм,"67,00"
Теплоизоляция,Жгут теплоизоляционный Вилатерм 20 мм x 6 м,"124,00"
Теплоизоляция,Кнауф-Суперлист ГВЛВ-ПК 10x600x1200 мм,"128,00"
Теплоизоляция,Уплотнитель межвенцовый 15 см х 20 м,"135,00"
Теплоизоляция,Утеплитель XPS 50х585х1185 мм,"141,00"
Теплоизоляция,"Очиститель Polynor Cleaner, 500 мл","162,00"
Теплоизоляция,"Изоляция отражающая 3мм ВПЭ/лавсан, 5 м2","168,00"
Теплоизоляция,Уплотнитель межвенцовый 20 см х 20 м,"193,00"
Теплоизоляция,"Изоляция отражающая 5мм ВПЭ/лавсан, 5 м2","218,00"
Теплоизоляция,Лента алюминиевая Термо 50 мм х 40 м,"228,00"
Теплоизоляция,Термоизоляционная PIR-плита PIRRO 30x600x1200 мм,"270,00"
Теплоизоляция,Утеплитель XPS 100х585х1185 мм,"335,00"
Теплоизоляция,Клей-пена Penoplex Fastfix,"347,00"
Теплоизоляция,Клей полиуретановый Polynor Stik,"355,00"
Теплоизоляция,Клей полиуретановый Polynor Fixo,"386,00"
Теплоизоляция,Термоизоляционная PIR-плита PIRRO 50x600x1200 мм,"388,00"
Теплоизоляция,"Изоляция отражающая 3мм ВПЭ/лавсан, 15 м2","394,00"
Теплоизоляция,"Изоляция самоклеящаяся 5 мм ВПЭ/фольга, 3 м2","405,00"
Теплоизоляция,"Изоляция Knauf ТеплоKnauf Стена 50 мм, 6 м2","443,00"
Теплоизоляция,"Изоляция Старт Полы и Перекрытия 50 мм, 8 м2","458,00"
Теплоизоляция,Напыляемый утеплитель Polynor,"488,00"
Теплоизоляция,"Изоляция Isover Стандарт 50 мм, 4.8 м2","492,00"
Теплоизоляция,"Изоляция отражающая 5мм ВПЭ/лавсан, 15 м2","523,00"
Теплоизоляция,"Изоляция Isover Плита 100 мм, 2.88 м2","530,00"
Теплоизоляция,"Изоляция Isover Плита 50 мм, 5.76 м2","530,00"
Теплоизоляция,"Фольга с крафт-бумагой для бани KF 1x30 м, 30 м2","536,00"
Теплоизоляция,"Каменная вата ISOBOX ЭКСТРАЛАЙТ 100 мм, 4,32 м2","547,00"
Пароизоляция,"Пароизоляция Axton В, 15 м2","278,00"
Пароизоляция,"Гидро-пароизоляция Axton С, 15 м2","355,00"
Пароизоляция,"Гидро-пароизоляция Axton D, 15 м2","357,00"
Пароизоляция,"Ветро-влагоизоляция Axton А, 15 м2","363,00"
Пароизоляция,"Пароизоляция Axton В, 35 м2","542,00"
Пароизоляция,"Гидро-пароизоляция Axton С, 35 м2","711,00"
Пароизоляция,"Пароизоляция Texbilt B, 70 м2","734,00"
Пароизоляция,"Ветро-влагоизоляция Axton А, 35 м2","765,00"
Пароизоляция,"Гидро-пароизоляция Axton D, 35 м2","768,00"
Пароизоляция,"Ветрозащита паропроницаемая Texbilt A, 70 м2","1 021,00"
Пароизоляция,"Гидро-пароизоляция Axton С, 70 м2","1 348,00"
Пароизоляция,"Гидро-пароизоляция Axton D, 70 м2","1 368,00"
Шумоизоляция,Звукоизоляция Евроблок 20 мм,"117,00"
Шумоизоляция,Герметик шумоизоляционный Вибросил 290 мл,"290,00"
Шумоизоляция,Виброподвес Виброфлекс-коннект ПС,"298,00"
Шумоизоляция,"Звукоизоляция Knauf АкустиKnauf 50 мм, 6 м2","371,00"
Шумоизоляция,Демпферная лента 10x100 мм х 15 м,"474,00"
Шумоизоляция,Демпферная лента 10x100 мм х 25 м,"664,00"
Шумоизоляция,"Демпферная лента Вибростек-М100, 30 м","924,00"
Шумоизоляция,Панель звукоизоляционная Тихий Дом 1.5х0.9 м,"988,00"
Шумоизоляция,Панель шумоизоляционная ЗИПС-III Ультра 1.2х0.6 м,"1 525,00"
Шумоизоляция,"Звукоизоляция для пола Пенотерм НПП ЛЭ 5 мм, 26 м2","2 198,00"
Шумоизоляция,"Набор для установки Тихий дом №4, 5.4 м2","2 498,00"
Шумоизоляция,"Звуко-гидроизоляция Шуманет 100 Гидро 5 мм, 10 м2","2 650,00"
Шумоизоляция,"Набор для установки Тихий дом №6, 8.1 м2","3 498,00"
Шумоизоляция,"Набор для установки Тихий дом №8, 10.8 м2","4 498,00"
Гидроизоляция для ванной и санузла,"Гидроизоляция Геркулес Аква-Стоп, 5 кг","180,00"
Гидроизоляция для ванной и санузла,"Гидроизоляция обмазочная Bergauf Hydrostop, 5 кг","244,00"
Гидроизоляция для ванной и санузла,"Гидроизоляция цементная Glims BoдoStop, 5 кг","325,00"
Гидроизоляция для ванной и санузла,"Гидроизоляция Геркулес Аква-Стоп, 25 кг","656,00"
Гидроизоляция для ванной и санузла,"Гидроизоляция полиакриловая Kobus, 5 кг","784,00"
Гидроизоляция для ванной и санузла,"Гидроизоляция обмазочная Bergauf Hydrostop, 20 кг","790,00"
Гидроизоляция для ванной и санузла,"Гидроизоляция цементная Glims BoдoStop, 20 кг","878,00"
Гидроизоляция для ванной и санузла,"Масса гидроизоляционная Ceresit CR65, 25 кг","893,00"
Гидроизоляция для ванной и санузла,"Лента гидроизоляционная Weber Vetonit Weber.Tec 828 ДБ 75, 10 м","1 100,00"
Гидроизоляция для ванной и санузла,Гидроизоляция пола Технониколь,"1 661,00"
Гидроизоляция для ванной и санузла,"Мастика для гидроизоляции Weber Vetonit Weber.Tec 822, цвет серый","2 025,00"
Гидроизоляция для фундамента,"Мастика битумная AquaMast Гидроизоляция Фундамента, 3 кг","288,00"
Гидроизоляция для фундамента,"Праймер битумный AquaMast, 3 л","288,00"
Гидроизоляция для фундамента,Гидроизоляция отсечная Технониколь 400,"922,00"
Гидроизоляция для фундамента,"Мастика битумная AquaMast Гидроизоляция Фундамента, 10 кг","1 006,00"
Гидроизоляция для фундамента,"Мембрана профилированная Planter, 1x20 м","2 660,00"
Гидроизоляция ремонтная,"Гидроизоляция Glims ГидроПломба, 800 г","213,00"
Гидроизоляция ремонтная,"Цемент монтажный водоостанавливающий Ceresit CX5, 2 кг","343,00"
Гидроизоляция ремонтная,"Гидроизоляция проникающая шовная Гидротэкс-Ш, 4 кг","567,00"
Гидроизоляция ремонтная,"Гидроизоляция проникающая водоостанавливающая Гидротэкс-В, 8 кг","764,00"
Гидроизоляция ремонтная,"Раствор водонепронецаемый Гидротэкс-Ш, 8 кг","1 065,00"
Гидроизоляция ремонтная,"Гидроизоляция проникающая водоостанавливающая Гидротэкс-В, 15 кг","1 246,00"
Гидроизоляция универсальная,"Ксилол, 1 л","114,00"
Гидроизоляция универсальная,Герметик Sika Sikaflex Precast 600 мл цвет серый бетон,"360,00"
Гидроизоляция универсальная,Клей-герметик полиуретановый Soudal Соудафлекс 40 ФС 600 мл цвет серый,"372,00"
Гидроизоляция универсальная,Клей-герметик полиуретановый Soudal Соудафлекс 40 ФС 600 мл цвет коричневый,"372,00"
Гидроизоляция универсальная,Клей-герметик полиуретановый Soudal Соудафлекс 40 ФС 600 мл цвет белый,"372,00"
Гидроизоляция универсальная,Клей-герметик полиуретановый Soudal Соудафлекс 40 ФС 600 мл цвет чёрный,"372,00"
Гидроизоляция универсальная,"Герметик эластичный Glims GreenResin, 1.3 кг","392,00"
Гидроизоляция универсальная,Герметик Sika Sikaflex Construction 600 мл,"403,00"
Гидроизоляция универсальная,"Рабберфлекс ПРО ПУ-40, 600 мл, цвет серый","430,00"
Гидроизоляция универсальная,"Рабберфлекс ПРО ПУ-40, 600 мл, цвет белый","430,00"
Гидроизоляция универсальная,Герметик Sika Sikaflex Construction 600 мл цвет коричневый,"432,00"
Гидроизоляция универсальная,Герметик Sika Sikaflex Construction 600 мл цвет белый,"432,00"
Гидроизоляция универсальная,"Мастика гидроизоляционная Топколор, 1 л, цвет красный","440,00"
Гидроизоляция универсальная,"Мастика гидроизоляционная Топколор, 1 л, цвет серый","440,00"
Гидроизоляция универсальная,"Герметик эластичный Glims GreenResin, 7 кг","1 706,00"
Гидроизоляция универсальная,"Мастика гидроизоляционная Топколор, 7 л, цвет красный","2 565,00"
Гидроизоляция универсальная,"Мастика гидроизоляционная Топколор, 7 л, цвет серый","2 565,00"
Ленты гидроизоляционные,"Лента-герметик Никобенд, 3х0,1 м, цвет серебристый","252,00"
Ленты гидроизоляционные,"Клейкая лента двухсторонняя, 15 мм х 50 м","291,00"
Ленты гидроизоляционные,"Лента-герметик Никобенд, 3х0,1 м, цвет коричневый","316,00"
Ленты гидроизоляционные,"Лента-герметик Никобенд, 3х0,1 м, цвет зелёный","316,00"
Ленты гидроизоляционные,"Лента-герметик Никобенд, 3х0,1 м, цвет красный","316,00"
Ленты гидроизоляционные,"Лента-герметик Никобенд, 10х0,1 м, цвет коричневый","627,00"
Ленты гидроизоляционные,"Лента-герметик Никобенд, 10х0,1 м, цвет зелёный","627,00"
Ленты гидроизоляционные,"Лента-герметик Никобенд, 10х0,1 м, цвет красный","645,00"
Ленты гидроизоляционные,"Лента-герметик Никобенд, 10х0,15 м, цвет коричневый","921,00"
Ленты гидроизоляционные,"Лента-герметик Никобенд, 10х0,15 м, цвет серебро","955,00"
Металлическая кровля,Профнастил C8 оцинкованный 1.18x2 м,"436,00"
Металлическая кровля,Лист металлочерепицы одноволновый с полиэстеровым покрытием цвет коричневый,"231,00"
Металлическая кровля,Лист металлочерепицы одноволновый с полиэстеровым покрытием цвет зелёный,"235,00"
Металлическая кровля,Лист металлочерепицы одноволновый с полиэстеровым покрытием цвет красный,"235,00"
Металлическая кровля,"Профнастил С20 оцинкованный, 1.14x2 м","436,00"
Металлическая кровля,Лист гладкий оцинкованный 1.23х2 м,"473,00"
Металлическая кровля,Лист металлочерепицы трёхволновый с полиэстеровым покрытием цвет красный,"480,00"
Металлическая кровля,Профнастил С8 с полиэстеровым покрытием 1.18x2 м цвет коричневый,"550,00"
Металлическая кровля,Профнастил С20 с полиэстеровым покрытием 1.14x2 м цвет коричневый,"565,00"
Металлическая кровля,Профнастил С8 с полиэстеровым покрытием 1.18x2 м цвет вишневый,"565,00"
Металлическая кровля,Профнастил С8 с полиэстеровым покрытием 1.18x2 м цвет зеленый,"565,00"
Металлическая кровля,Лист металлочерепицы трёхволновый с полиэстеровым покрытием цвет зелёный,"577,00"
Металлическая кровля,Лист металлочерепицы трёхволновый с полиэстеровым покрытием цвет коричневый,"577,00"
Металлическая кровля,Профнастил С20 с полиэстеровым покрытием 1.14x2 м цвет зелёный,"655,00"
Металлическая кровля,Профнастил С20 с полиэстеровым покрытием 1.14x2 м цвет вишневый,"655,00"
Металлическая кровля,Лист металлочерепицы шестиволновый с полиэстеровым покрытием цвет зелёный,"696,00"
Металлическая кровля,Лист металлочерепицы шестиволновый с полиэстеровым покрытием цвет коричневый,"696,00"
Металлическая кровля,Лист металлочерепицы шестиволновый с полиэстеровым покрытием цвет красный,"696,00"
Мягкая черепица,"Черепица гибкая Mida Квадро, цвет красный","564,00"
Мягкая черепица,"Черепица гибкая Mida Прима, цвет коричневый","696,00"
Мягкая черепица,"Черепица гибкая Mida Прима, цвет красный","696,00"
Мягкая черепица,"Черепица гибкая Mida Аккорд, цвет зелёный","705,00"
Мягкая черепица,"Черепица гибкая Mida Аккорд, цвет красный","705,00"
Мягкая черепица,Черепица гибкая Mida Трио Антик,"821,00"
Мягкая черепица,"Черепица гибкая Mida Аккорд, цвет коричневый","821,00"
Мягкая черепица,"Черепица гибкая Mida Прима, цвет зелёный","821,00"
Мягкая черепица,"Черепица коньково-карнизная Mida, цвет красный","1 261,00"
Мягкая черепица,"Черепица коньково-карнизная Mida, цвет коричневый","1 261,00"
Мягкая черепица,"Черепица коньково-карнизная Mida, цвет зелёный","1 261,00"
Рулонная кровля,"Рубероид РПП-300-0(о), 15 м2","247,00"
Рулонная кровля,"Пергамин подкладочный П-250, 15 м2","276,00"
Рулонная кровля,"Рубероид РКП-350(о2), 15 м2","386,00"
Рулонная кровля,"Стеклоизол Р ХКП-3.5, гранулят, 9 м2, цвет серый","624,00"
Рулонная кровля,"Бикрост ХКП, 10 м2","841,00"
Рулонная кровля,"Бикрост ХПП, 15 м2","1 016,00"
Волнистый лист (ондулин),"Лист Ондулин 3x760х1950 мм, цвет зелёный","380,00"
Волнистый лист (ондулин),"Лист Ондулин 3x760х1950 мм, цвет красный","380,00"
Волнистый лист (ондулин),"Лист Ондулин 3x760х1950 мм, цвет коричневый","380,00"
Волнистый лист (ондулин),Заполнитель карнизов универсальный,"52,00"
Волнистый лист (ондулин),"Гвозди для Ондулина цвет зелёный, 100 шт.","148,00"
Волнистый лист (ондулин),"Гвозди для Ондулина цвет коричневый, 100 шт.","148,00"
Волнистый лист (ондулин),"Гвозди для Ондулина цвет красный, 100 шт.","148,00"
Волнистый лист (ондулин),Щипец Ондулин цвет красный,"321,00"
Волнистый лист (ондулин),Щипец Ондулин цвет коричневый,"321,00"
Волнистый лист (ондулин),Элемент коньковый Ондулин цвет красный,"325,00"
Волнистый лист (ондулин),Элемент коньковый Ондулин цвет коричневый,"325,00"
Волнистый лист (ондулин),Ендова Ондулин цвет коричневый,"325,00"
Волнистый лист (ондулин),Ендова Ондулин цвет красный,"325,00"
Волнистый лист (ондулин),Элемент коньковый Ондулин цвет зелёный,"325,00"
Волнистый лист (ондулин),Щипец Ондулин цвет зелёный,"338,00"
Волнистый лист (ондулин),Ендова Ондулин цвет зелёный,"338,00"
Кровельные мастики,"Мастика для ремонта и приклеивания AquaMast, 3 кг","266,00"
Кровельные мастики,"Мастика битумно-резиновая AquaMast, 3 кг","283,00"
Кровельные мастики,"Мастика битумная Империал Изоляционная, 13 л","576,00"
Кровельные мастики,"Мастика кровельная Технониколь №21 (Техномаст), 10 кг","1 738,00"
Кровельные мастики,"Праймер битумный Технониколь №01, 20 л","1 973,00"
Кровельные мастики,"Мастика кровельная Технониколь №21 (Техномаст), 20 кг","3 021,00"
Водосток,Желоб полукруглый 2000 D125 мм оцинкованный,"232,00"
Водосток,Труба круглая D90 мм 2000 мм оцинкованная,"355,00"
Водосток,Труба круглая D90 мм 1000 мм цвет вишня,"50,00"
Водосток,Труба круглая D90 мм 1000 мм цвет коричневый,"50,00"
Водосток,Труба круглая D90 мм 1000 мм цвет белый,"235,00"
Водосток,Желоб водосточный 125x3000 мм цвет красный,"284,00"
Водосток,Желоб полукруглый 2000 D125 мм цвет коричневый,"310,00"
Водосток,Желоб полукруглый 2000 D125 мм цвет вишня,"310,00"
Водосток,Желоб полукруглый 2000 D125 мм цвет белый,"310,00"
Водосток,Желоб водосточный 125x3000 мм цвет зелёный,"330,00"
Водосток,Желоб водосточный 125x3000 мм цвет коричневый,"330,00"
Водосток,Желоб водосточный 125x3000 мм цвет белый,"330,00"
Водосток,Труба водосточная 82x3000 мм цвет красный,"336,00"
Водосток,Труба водосточная 82x3000 мм цвет белый,"375,00"
Водосток,Труба водосточная 82x3000 мм цвет коричневый,"375,00"
Водосток,Труба водосточная 82x3000 мм цвет зелёный,"388,00"
Водосток,Желоб полукруглый 3000 D125 мм цвет вишня,"460,00"
Водосток,Желоб полукруглый 3000 D125 мм цвет белый,"460,00"
Водосток,Желоб полукруглый 3000 D125 мм цвет коричневый,"460,00"
Водосток,Труба круглая D90 мм 2000 мм цвет вишня,"483,00"
Водосток,Труба круглая D90 мм 2000 мм цвет коричневый,"483,00"
Водосток,Труба круглая D90 мм 2000 мм цвет белый,"483,00"
Водосток,Труба круглая D90 мм 3000 мм цвет белый,"678,00"
Водосток,Труба круглая D90 мм 3000 мм цвет вишня,"678,00"
Водосток,Труба круглая D90 мм 3000 мм цвет коричневый,"678,00"
Сотовый поликарбонат,Поликарбонат сотовый 4 мм 2.1х3 м цвет терракотовый,"1 590,00"
Сотовый поликарбонат,Поликарбонат сотовый 3.5 мм 2.1х6 м цвет прозрачный,"1 846,00"
Сотовый поликарбонат,Поликарбонат сотовый 6 мм 2.1х3 м цвет терракотовый,"1 950,00"
Сотовый поликарбонат,Поликарбонат сотовый 6 мм 2.1х3 м цвет прозрачный,"2 077,00"
Аксессуары для металлической кровли,Планка для внутренних углов с полиэстеровым покрытием 2 м цвет зелёный,"216,00"
Аксессуары для металлической кровли,Планка для внутренних углов с полиэстеровым покрытием 2 м цвет красный,"216,00"
Аксессуары для металлической кровли,Планка для внутренних углов с полиэстеровым покрытием 2 м цвет коричневый,"216,00"
Аксессуары для металлической кровли,Планка для наружных углов с полиэстеровым покрытием 2 м цвет зелёный,"216,00"
Аксессуары для металлической кровли,Планка для наружных углов с полиэстеровым покрытием 2 м цвет красный,"216,00"
Аксессуары для металлической кровли,Планка для наружных углов с полиэстеровым покрытием 2 м цвет коричневый,"216,00"
Аксессуары для металлической кровли,П-планка для профнастила С8 цвет зелёный,"225,00"
Аксессуары для металлической кровли,П-планка для профнастила С8 цвет вишневый,"225,00"
Аксессуары для металлической кровли,П-планка для профнастила С8 цвет коричневый,"246,00"
Аксессуары для металлической кровли,Планка карнизная с полиэстеровым покрытием 2 м цвет зелёный,"290,00"
Аксессуары для металлической кровли,Планка карнизная с полиэстеровым покрытием 2 м цвет красный,"290,00"
Аксессуары для металлической кровли,Планка карнизная с полиэстеровым покрытием 2 м цвет коричневый,"290,00"
Аксессуары для металлической кровли,Лист ветровой с полиэстеровым покрытием 2 м цвет красный,"305,00"
Аксессуары для металлической кровли,Лист ветровой с полиэстеровым покрытием 2 м цвет коричневый,"305,00"
Аксессуары для металлической кровли,Планка примыкания верхняя с полиэстеровым покрытием 2 м цвет зелёный,"317,00"
Аксессуары для металлической кровли,Планка примыкания верхняя с полиэстеровым покрытием 2 м цвет красный,"317,00"
Аксессуары для металлической кровли,Планка примыкания верхняя с полиэстеровым покрытием 2 м цвет коричневый,"317,00"
Аксессуары для металлической кровли,Ендова внешняя с полиэстеровым покрытием 2 м цвет красный,"330,00"
Аксессуары для металлической кровли,Лист ветровой оцинкованный 2 м,"331,00"
Аксессуары для металлической кровли,"Конёк плоский оцинкованный, 2 м","397,00"
Аксессуары для металлической кровли,Планка снегозадержания с полиэстеровым покрытием 2 м цвет коричневый,"397,00"
Аксессуары для металлической кровли,Планка снегозадержания с полиэстеровым покрытием 2 м цвет красный,"397,00"
Аксессуары для металлической кровли,Ендова внешняя с полиэстеровым покрытием 2 м цвет коричневый,"397,00"
Аксессуары для металлической кровли,Планка снегозадержания с полиэстеровым покрытием 2 м цвет зелёный,"397,00"
Аксессуары для металлической кровли,Ендова внешняя с полиэстеровым покрытием 2 м цвет зелёный,"397,00"
Аксессуары для металлической кровли,Конёк плоский с полиэстеровым покрытием 2 м цвет зелёный,"410,00"
Аксессуары для металлической кровли,Конёк плоский с полиэстеровым покрытием 2 м цвет коричневый,"410,00"
Аксессуары для металлической кровли,Конёк плоский с полиэстеровым покрытием 2 м цвет красный,"410,00"
Аксессуары для металлической кровли,Ендова нижняя оцинкованная 2 м,"420,00"
Аксессуары для металлической кровли,Снегозадержатель трубчатый Эко 3 м цвет коричневый,"817,00"
Аксессуары для мягкой кровли,"Мастика для гибкой черепицы Технониколь Фиксер, 310 мл","133,00"
Аксессуары для мягкой кровли,"Гвозди кровельные винтовые Технониколь для гибкой черепицы, 1 кг","157,00"
Аксессуары для мягкой кровли,Аэратор коньковый Технониколь,"285,00"
Аксессуары для мягкой кровли,"Клей для рубероида Технониколь, 10 кг","654,00"
Аксессуары для мягкой кровли,"Ковёр подкладочный Mida, 10 м2","673,00"
Аксессуары для мягкой кровли,"Мастика для гибкой черепицы Технониколь №23 Фиксер, 3.6 кг","694,00"
Аксессуары для водостока,Заглушка полукруглого желоба D125 мм оцинкованный,"60,00"
Аксессуары для водостока,Крепление для трубы на кирпич D90 оцинкованный,"70,00"
Аксессуары для водостока,Держатель для желоба карнизный D125 мм оцинкованный,"70,00"
Аксессуары для водостока,Соединитель для желоба D125 мм оцинкованный,"73,00"
Аксессуары для водостока,Держатель для желоба D125 мм оцинкованный,"76,00"
Аксессуары для водостока,Колено сливное D90 мм оцинкованное,"106,00"
Аксессуары для водостока,Колено трубы 55° D90 мм оцинкованное,"106,00"
Аксессуары для водостока,Воронка выпускная D90 мм цвет оцинковка,"198,00"
Аксессуары для водостока,Угол желоба внешний 90° D125 мм оцинкованный,"251,00"
Аксессуары для водостока,Угол желоба внутренний 90° D125 мм оцинкованный,"251,00"
Аксессуары для водостока,Отвод для сбора воды D90 мм оцинкованный,"553,00"
Аксессуары для водостока,Кронштейн для желоба ПВХ цвет красный,"38,00"
Аксессуары для водостока,Кронштейн для желоба ПВХ цвет зелёный,"45,00"
Аксессуары для водостока,Кронштейн для желоба ПВХ цвет коричневый,"45,00"
Аксессуары для водостока,Кронштейн для желоба ПВХ цвет белый,"45,00"
Аксессуары для водостока,Хомут для водосточной трубы 82 мм цвет красный,"54,00"
Аксессуары для водостока,Перегородка-сифон к дождеприёмнику,"55,00"
Аксессуары для водостока,Заглушка желоба универсальная цвет красный,"55,00"
Аксессуары для водостока,Хомут для водосточной трубы 82 мм цвет белый,"63,00"
Аксессуары для водостока,Хомут для водосточной трубы 82 мм цвет зелёный,"63,00"
Аксессуары для водостока,Хомут для водосточной трубы 82 мм цвет коричневый,"63,00"
Аксессуары для водостока,Заглушка желоба универсальная цвет белый,"64,00"
Аксессуары для водостока,Заглушка желоба универсальная цвет коричневый,"64,00"
Аксессуары для водостока,Крепёж к полимерпесчаным лоткам,"67,00"
Аксессуары для водостока,Муфта для водосточной трубы 82 мм цвет красный,"70,00"
Аксессуары для водостока,Заглушка полукруглого желоба D125 мм цвет вишня,"73,00"
Аксессуары для водостока,Заглушка полукруглого желоба D125 мм цвет белый,"73,00"
Аксессуары для водостока,Заглушка полукруглого желоба D125 мм цвет коричневый,"73,00"
Аксессуары для водостока,Муфта для водосточной трубы 82 мм цвет белый,"82,00"
Аксессуары для водостока,Муфта для водосточной трубы 82 мм цвет зелёный,"82,00"
Аксессуары для поликарбоната,"Заглушка торцевая 6 мм x 2.1 м, цвет прозрачный","88,00"
Аксессуары для поликарбоната,"Заглушка торцевая 4 мм x 2.1 м, цвет прозрачный","90,00"
Аксессуары для поликарбоната,"Термошайба Монолит для сотового поликарбоната, 25 шт.","180,00"
Аксессуары для поликарбоната,"Профиль соединительный 4-6 мм x 3 м, цвет прозрачный","212,00"
Аксессуары для поликарбоната,"Термошайба универсальная, цвет терракотовый, 50 шт.","335,00"
Аксессуары для поликарбоната,"Термошайба универсальная, цвет прозрачный, 50 шт.","335,00"
Линейный водоотвод,Крепёж к каналам DN100,"44,00"
Линейный водоотвод,Заглушка к пластиковым лоткам DN100,"68,00"
Линейный водоотвод,Комплект заглушек к каналам в сборе,"68,00"
Линейный водоотвод,Переходник к каналам на 110 мм в сборе,"98,00"
Линейный водоотвод,Канал пластиковый DN100 1000х145х60 мм,"218,00"
Линейный водоотвод,Канал пластиковый DN100 1000х145х80 мм,"258,00"
Линейный водоотвод,Решётка к каналам DN100 стальной,"285,00"
Линейный водоотвод,Канал пластиковый DN100 1000х145х100 мм,"285,00"
Линейный водоотвод,Решётка к каналам DN100 чугунный,"332,00"
Линейный водоотвод,Канал пластиковый с пластмассовой решёткой 1000х115х95 мм,"422,00"
Линейный водоотвод,Канал пластиковый с оцинкованной решёткой 1000х115х95 мм,"483,00"
Линейный водоотвод,Канал пластиковый с полиамидной решёткой 1000х145х150 мм,"785,00"
Трубы ПВХ для внешней канализации,Труба раструбная наружная 110х1000 мм,"216,00"
Трубы ПВХ для внешней канализации,Труба раструбная наружная 110х2000 мм,"332,00"
Трубы ПВХ для внешней канализации,Труба раструбная наружная 110х3000 мм,"588,00"
Трубы ПВХ для внешней канализации,Труба раструбная наружная 160х3000 мм,"1 700,00"
Аксессуары для внешней канализации,Заглушка наружная 110 мм,"65,00"
Аксессуары для внешней канализации,Муфта ремонтная наружная 110 мм,"118,00"
Аксессуары для внешней канализации,Отвод наружный 87° 110 мм,"133,00"
Аксессуары для внешней канализации,Отвод наружный 45° 110 мм,"133,00"
Аксессуары для внешней канализации,Муфта двойная наружная 110 мм,"135,00"
Аксессуары для внешней канализации,Отвод наружный 30° 110 мм,"138,00"
Аксессуары для внешней канализации,Отвод наружный 15° 110 мм,"146,00"
Аксессуары для внешней канализации,Заглушка наружная 160 мм,"201,00"
Аксессуары для внешней канализации,Переход наружный 160/110 мм,"216,00"
Аксессуары для внешней канализации,Тройник наружный 87° 110х110 мм,"247,00"
Аксессуары для внешней канализации,Тройник наружный 45° 110х110 мм,"247,00"
Аксессуары для внешней канализации,Муфта двойная наружная 160 мм,"304,00"
Аксессуары для внешней канализации,Отвод наружный 45° 160 мм,"322,00"
Аксессуары для внешней канализации,Муфта ремонтная наружная 160 мм,"324,00"
Аксессуары для внешней канализации,Ревизия наружная 110 мм,"326,00"
Аксессуары для внешней канализации,Отвод наружный 15° 160 мм,"342,00"
Аксессуары для внешней канализации,Отвод наружный 30° 160 мм,"353,00"
Аксессуары для внешней канализации,Отвод наружный 87° 160 мм,"424,00"
Аксессуары для внешней канализации,Тройник наружный 45° 160х110мм,"536,00"
Аксессуары для внешней канализации,Тройник наружный 87° 160х110 мм,"538,00"
Аксессуары для внешней канализации,Тройник наружный 45° 160х160 мм,"681,00"
Аксессуары для внешней канализации,Тройник наружный 87° 160х160 мм,"728,00"
Аксессуары для внешней канализации,Манжета для врезки по месту D110,"760,00"
Аксессуары для внешней канализации,Ревизия наружная 160 мм,"900,00"
Аксессуары для внешней канализации,Заглушка 315 мм,"1 021,00"
Аксессуары для внешней канализации,Полимерпесчаное днище колодца,"1 697,00"
Дренажные колодцы,"Колодец двухслойный гофрированный 315 мм, 2 м","4 545,00"
Люки смотровых колодцев,Кольцо уплотнительное 315 мм,"681,00"
Люки смотровых колодцев,"Люк смотровых колодцев, полимер-песок","783,00"
Люки смотровых колодцев,Полимерпесчаное кольцо колодца,"1 656,00"
Люки смотровых колодцев,Полимерпесчаный конус колодца,"1 670,00"
Сайдинг,Соединитель 1-уровневой Standers 60х27 мм,"14,00"
Сайдинг,Сайдинг-брус 2700х203 мм цвет светло-зеленый,"125,00"
Сайдинг,Сайдинг-брус 2700х203 мм цвет желтый,"125,00"
Сайдинг,Сайдинг-брус 2700х203 мм цвет светло-бежевый,"125,00"
Сайдинг,Сайдинг-брус 2700х203 мм цвет белый,"125,00"
Сайдинг,Сайдинг блок-хаус 2700х230 мм цвет бежевый,"226,00"
Сайдинг,Сайдинг блок-хаус 2700х230 мм цвет темно-коричневый,"246,00"
Сайдинг,Софит с перфорацией 2700х300 мм цвет белый,"320,00"
Сайдинг,Софит с перфорацией 2700х300 мм цвет темно-коричневый,"375,00"
Фасадные панели,Фасадная панель FineBer Камень крупный цвет терракотовый,"576,00"
Фасадные панели,Фасадная панель FineBer Камень крупный мелованный цвет белый,"576,00"
Фасадные панели,Фасадная панель FineBer Кирпич облицовочный керамический,"582,00"
Фасадные панели,Фасадная панель FineBer Скала цвет песочный,"598,00"
Фасадные панели,Плитка фасадная HAUBERK античный кирпич,"724,00"
Фасадные панели,Плитка фасадная HAUBERK терракотовый кирпич,"724,00"
Фасадные панели,Плитка фасадная HAUBERK песчаный кирпич,"724,00"
Аксессуары для сайдинга,Финишная планка для сайдинга 3 м цвет бежевый,"133,00"
Аксессуары для сайдинга,Финишная планка для сайдинга 3 м цвет светло зеленый,"133,00"
Аксессуары для сайдинга,Финишная планка для сайдинга 3 м цвет желтый,"133,00"
Аксессуары для сайдинга,Финишная планка для сайдинга 3 м цвет свсветло бежевый,"133,00"
Аксессуары для сайдинга,J-профиль 3050 мм цвет белый,"134,00"
Аксессуары для сайдинга,Профиль начальный 3000 мм,"152,00"
Аксессуары для сайдинга,Планка финишная Country Standart 3660 мм цвет белый,"164,00"
Аксессуары для сайдинга,J-профиль для сайдинга 3 м цвет бежевый,"165,00"
Аксессуары для сайдинга,J-профиль для сайдинга 3 м цвет зеленый,"165,00"
Аксессуары для сайдинга,J-профиль для сайдинга 3 м цвет желтый,"165,00"
Аксессуары для сайдинга,J-профиль для сайдинга 3 м цвет бежевый,"165,00"
Аксессуары для сайдинга,J-профиль 3050 мм цвет могано,"194,00"
Аксессуары для сайдинга,Планка финишная Country Standart 3660 мм цвет могано,"232,00"
Аксессуары для сайдинга,Угол внутренний 3000 мм цвет белый,"278,00"
Аксессуары для сайдинга,H-профиль 3000 мм цвет белый,"283,00"
Аксессуары для сайдинга,J-профиль 3050 мм широкий Country Standart цвет белый,"342,00"
Аксессуары для сайдинга,Угол внутренний 3 м цвет светло зелёный,"388,00"
Аксессуары для сайдинга,Угол внутренний 3 м цвет желтый,"388,00"
Аксессуары для сайдинга,Угол внутренний 3 м цвет светло бежевый,"388,00"
Аксессуары для сайдинга,Угол внутренний 3 м цвет бежевый,"390,00"
Аксессуары для сайдинга,J-профиль 3050 мм широкий Country Standart цвет могано,"402,00"
Аксессуары для сайдинга,H-профиль 3050 мм цвет могано,"404,00"
Аксессуары для сайдинга,Угол внутренний 3000 мм цвет могано,"404,00"
Аксессуары для сайдинга,Угол наружный 3 м цвет бежевый,"406,00"
Аксессуары для сайдинга,Угол наружный 3 м цвет светло зеленый,"406,00"
Аксессуары для сайдинга,Угол наружный 3 м цвет желтый,"406,00"
Аксессуары для сайдинга,Угол наружный 3 м цвет светло бежевый,"406,00"
Аксессуары для сайдинга,H-профиль для сайдинга 3 м цвет бежевый,"420,00"
Аксессуары для сайдинга,H-профиль для сайдинга 3 м цвет зеленый,"420,00"
Аксессуары для сайдинга,H-профиль для сайдинга 3 м цвет желтый,"420,00"
Аксессуары для фасадных панелей,Уголок внутренний коричневый,"121,00"
Аксессуары для фасадных панелей,Уголок внутренний серый,"121,00"
Аксессуары для фасадных панелей,Уголок внешний коричневый,"121,00"
Аксессуары для фасадных панелей,Уголок внешний серый,"121,00"
Аксессуары для фасадных панелей,Наличник полиэстер цвет коричневый,"158,00"
Аксессуары для фасадных панелей,Наличник полиэстер цвет серый,"158,00"
Аксессуары для фасадных панелей,Планка стартовая для фасадных панелей Fineber,"164,00"
Аксессуары для фасадных панелей,Угол внутренний для фасадных панелей Fineber цвет бежевый,"397,00"
Аксессуары для фасадных панелей,Угол внутренний для фасадных панелей Fineber цвет белый,"397,00"
Аксессуары для фасадных панелей,Угол внутренний для фасадных панелей Fineber цвет серый,"397,00"
Аксессуары для фасадных панелей,Уголок внутренний античный,"400,00"
Аксессуары для фасадных панелей,Уголок внутренний HAUBERK терракотовый,"400,00"
Аксессуары для фасадных панелей,Уголок внешний HAUBERK песчаный,"400,00"
Аксессуары для фасадных панелей,Уголок внешний HAUBERK античный,"400,00"
Аксессуары для фасадных панелей,Уголок внутренний HAUBERK песчаный,"400,00"
Аксессуары для фасадных панелей,Угол наружный Fineber Камень крупный цвет мелованный белый,"525,00"
Аксессуары для фасадных панелей,Угол наружный для фасадных панелей Fineber Камень крупный цвет терракотовый,"525,00"
Аксессуары для фасадных панелей,Угол наружный для фасадных панелей Fineber Кирпич облицовочный керамический,"532,00"
Аксессуары для фасадных панелей,Угол наружный для фасадных панелей Fineber Скала цвет песочный,"568,00"
Аксессуары для фасадных панелей,Наличник оконный HAUBERK античный,"600,00"
Аксессуары для фасадных панелей,Наличник оконный HAUBERK песчаный,"600,00"
Аксессуары для фасадных панелей,Наличник оконный HAUBERK терракотовый,"600,00"
Облицовочные материалы,"Плитка декоративная Остия Брик, цвет коричневый, 0.37 м2","307,00"
Облицовочные материалы,"Плитка облицовочная Эллин Брик, цвет бежевый, 1.1 м2","389,00"
Облицовочные материалы,"Плитка облицовочная Эллин Брик, цвет белый, 1.1 м2","389,00"
Облицовочные материалы,"Плитка облицовочная Монтебелло, цвет светло-песочный, 0.43 м2","460,00"
Облицовочные материалы,"Плитка облицовочная Монтебелло, цвет бежевый, 0.43 м2","460,00"
Облицовочные материалы,"Плитка декоративная Дерри Брик, цвет красный, 0.62 м2","490,00"
Облицовочные материалы,"Плитка декоративная Дерри Брик, цвет бежевый, 0.62 м2","490,00"
Облицовочные материалы,"Плитка декоративная Кросс Фелл, цвет светло-песочный, 0.6 м2","822,00"
Облицовочные материалы,"Плитка декоративная Лондон брик, цвет мультиколор, 1.16 м2","1 037,00"
Облицовочные материалы,"Плитка декоративная Лондон Брик, цвет красный, 1.16 м2","1 044,00"
Облицовочные материалы,"Камень натуральный Сланец, цвет бежевый, 0.63 м2","1 100,00"
Облицовочные материалы,"Плитка декоративная Кельн Брик, 1.63 м2","1 467,00"
Облицовочные материалы,"Камень натуральный Кварцит, цвет мультиколор, 0.63 м2","1 880,00"
Аксессуары для облицовочных материалов,"Фиксатор шва White Hills, 10х10х30 мм","131,00"
Аксессуары для облицовочных материалов,"Фиксатор шва White Hills, 12х12х30 мм","208,00"
Аксессуары для облицовочных материалов,Затирка для камня White Hills 4.5 кг цвет белый,"296,00"
Очистители и пропитки для камня,"Средство противогрибковое Ceresit СТ 99, 1 кг","417,00"
Очистители и пропитки для камня,Добавка водоотталкивающая Cemmix CemAqua,"471,00"
Очистители и пропитки для камня,Покрытие защитное для камня и кирпича 5 кг,"622,00"
Очистители и пропитки для камня,"Удалитель высолов и остатков раствора Cemmix CemClean, 5 л","953,00"
Клей для облицовки,"Клей для изделий из гипса Monte Alba, 4 кг","190,00"
Клей для облицовки,"Клей цементный White Hills Экстра, 7 кг","228,00"
Реечные потолки,"Набор реек 2.5х1 м цвет белый матовый, без раскладки","1 491,00"
Реечные потолки,Комплект потолка Artens 1.35х0.9 м цвет жемчужно-белый,"1 591,00"
Реечные потолки,Комплект потолка Artens 1.35х0.9 м цвет белый матовый,"1 601,00"
Реечные потолки,"Набор реек 2х1 м цвет белый матовый, без раскладки","1 706,00"
Реечные потолки,Комплект потолка для туалета 1.35х0.9 м цвет белый матовый,"1 864,00"
Реечные потолки,Комплект потолка для туалета 1.35х0.9 м цвет белый глянцевый,"1 864,00"
Реечные потолки,Набор реек Artens 2х1.05 м цвет жемчужно-белый,"1 943,00"
Реечные потолки,Набор реек Artens 2х1.05 м цвет белый матовый,"1 955,00"
Реечные потолки,Комплект потолка Artens 1.35х0.9 м цвет жемчужно-белый с металлической полосой,"2 027,00"
Реечные потолки,"Набор реек 2.5х1 м цвет белый глянцевый, без раскладки","2 108,00"
Реечные потолки,Комплект потолка для туалета 1.35x0.9 м цвет белый матовый/хром,"2 110,00"
Реечные потолки,Комплект потолка 1.35х0.9 м цвет нежно-розовый,"2 154,00"
Реечные потолки,Комплект потолка 1.35х0.9 м цвет мираж,"2 247,00"
Реечные потолки,Набор реек Artens 2.5х1.05 м цвет жемчужно-белый,"2 380,00"
Реечные потолки,Набор реек Artens 2.5х1.05 м цвет белый матовый,"2 395,00"
Реечные потолки,Набор реек Artens 2х1.05 м цвет жемчужно-белый с металлической полосой,"2 525,00"
Реечные потолки,"Набор реек 3х1 м цвет белый матовый, без раскладки","2 578,00"
Реечные потолки,"Набор реек 3х1 м цвет белый глянцевый, без раскладки","2 578,00"
Реечные потолки,Набор реек 2х1.05 м цвет нежно-розовый,"2 617,00"
Реечные потолки,Набор реек 2х1.05 м цвет мираж,"2 761,00"
Реечные потолки,Набор реек Artens 3х1.05 м цвет жемчужно-белый,"2 816,00"
Реечные потолки,Набор реек Artens 3х1.05 м цвет белый матовый,"2 833,00"
Реечные потолки,Набор реек Artens 2.5х1.05 м цвет жемчужно-белый с металлической полосой,"3 107,00"
Реечные потолки,Комплект потолка Artens 1.7х1.7 м цвет жемчужно-белый,"3 125,00"
Реечные потолки,Комплект потолка Artens 1.7х1.7 м цвет белый матовый,"3 144,00"
Реечные потолки,Набор реек Artens 3х1.05 м цвет жемчужно-белый с металлической полосой,"3 688,00"
Реечные потолки,Набор реек 3х1.05 м цвет нежно-розовый,"4 035,00"
Реечные потолки,Комплект потолка для ванной 1.72х1.7 м цвет белый глянцевый,"4 035,00"
Реечные потолки,Комплект потолка для ванной 1.72х1.7 м цвет белый матовый,"4 035,00"
Реечные потолки,Комплект потолка Artens 1.7х1.7 м цвет жемчужно-белый с металлической полосой,"4 074,00"
Комплектующие для реечных потолков,Евро-подвес для потолка в сборе,"8,80"
Комплектующие для реечных потолков,"Пружина регулировочная, 2 шт.","27,00"
Комплектующие для реечных потолков,П-профиль Artens 3000 мм цвет жемчужно-белый,"116,00"
Комплектующие для реечных потолков,П-профиль Artens 3000 мм цвет белый матовый,"118,00"
Комплектующие для реечных потолков,П-профиль 3000 мм цвет нежно-розовый,"165,00"
Комплектующие для реечных потолков,"Раскладка 25x3000 мм цвет хром люкс, 2 шт.","195,00"
Комплектующие для реечных потолков,П-профиль 3000 мм цвет мираж,"205,00"
Комплектующие для реечных потолков,Стрингер для ППР-83/84 3000 мм,"207,00"
Комплектующие для реечных потолков,Стрингер для реечного потолка 100/150x3000 мм,"212,00"
Комплектующие для реечных потолков,"Раскладка 25x3000 мм цвет золото люкс, 2 шт.","407,00"
Комплектующие для реечных потолков,"Раскладка Artens 25x3000 мм цвет жемчужно-белый, 2 шт.","458,00"
Комплектующие для реечных потолков,"Раскладка Artens 25x3000 мм цвет белый матовый, 2 шт.","461,00"
Комплектующие для реечных потолков,"Раскладка Artens 25x3000 мм цвет серебристый металлик, 2 шт.","508,00"
Минеральные и кассетные потолки,"Кассета AP600А6 Tegular, цвет белый","138,00"
Минеральные и кассетные потолки,"Набор кассет Trento AMF 12 мм, 18 шт.","1 893,00"
Профили и углы для подвесных потолков,Т-профиль Эконом 24x600 мм цвет белый,"10,00"
Профили и углы для подвесных потолков,Т-профиль Эконом 24x1200 мм цвет белый,"21,00"
Профили и углы для подвесных потолков,Угол периметральный стальной 19х19x3000 мм цвет белый,"40,00"
Печи-камины дровяные,Печь с плитой «Гном-2»,"9 930,00"
Печи-камины дровяные,Печь банная «Находка 12»,"12 300,00"
Печи-камины дровяные,Печь-камин «Дон 6»,"14 753,00"
Печи-камины дровяные,Печь-камин «Москва 12»,"40 286,00"
Дымоходы для дровяных каминов,Тройник для дренажной трубы 110 мм,"627,00"
Комплектующие и инструменты для камина,Средство для очистки стекол,"122,00"
Комплектующие и инструменты для камина,Средство для очистки камня,"142,00"
Комплектующие и инструменты для камина,"Герметик огнеупорный Calorygeb, 310 мл","208,00"
Комплектующие и инструменты для камина,Кочерга,"214,00"
Комплектующие и инструменты для камина,Совок,"264,00"
Комплектующие и инструменты для камина,"Герметик огнеупорный Calorygeb, 600 г","366,00"
Комплектующие и инструменты для камина,"Клей огнеупорный для фиксации волокнистого материала, 50 мл","386,00"
Комплектующие и инструменты для камина,Щётка,"407,00"
Комплектующие и инструменты для камина,Набор жгутов для топок 4/6 мм х 2.5 м + клей 20 г,"572,00"
Комплектующие и инструменты для камина,"Дверь прочистная 150х112 мм, с рисунком","625,00"
Комплектующие и инструменты для камина,Набор жгутов для топок 7/8 мм х 2.5 м + клей 20 г,"642,00"
Комплектующие и инструменты для камина,"Порошок для прочистки дымохода, 900 г","642,00"
Комплектующие и инструменты для камина,Дверь для поддува с рисунком 150х160 мм,"742,00"
Комплектующие и инструменты для камина,Мат термоизоляционный 4x500х500 мм,"770,00"
Комплектующие и инструменты для камина,"Лист притопочный 600х500 мм, нержавеющая сталь","810,00"
Комплектующие и инструменты для камина,Дровница ДРА-06,"868,00"
Комплектующие и инструменты для камина,Колосник печной 380х250 мм,"960,00"
Комплектующие и инструменты для камина,Плита чугунная с комфоркой,"1 060,00"
Комплектующие и инструменты для камина,Минерит 630х1200 мм,"1 228,00"
Комплектующие и инструменты для камина,Комплект для чистки дымоходов 150 мм,"1 313,00"
Комплектующие и инструменты для камина,"Лист притопочный, цвет чёрный","1 326,00"
Комплектующие и инструменты для камина,"Набор каминный НКА-01, 3 предмета, чёрная арка","1 330,00"
Комплектующие и инструменты для камина,"Набор каминный НКА-04, 3 предмета, чёрная стена","1 352,00"
Комплектующие и инструменты для камина,Комплект для чистки дымоходов 200 мм,"1 413,00"
Комплектующие и инструменты для камина,Экран защитный 600х1000 мм,"1 674,00"
Комплектующие и инструменты для камина,"Экран трёхстворчатый С-03010 PК, цвет чёрный/латунь","1 907,00"
Комплектующие и инструменты для камина,Дверь печная ДП308-1С,"3 533,00"
Комплектующие и инструменты для камина,Дверь печная ДЕ424-1А,"5 754,00"
Облицовки электрических каминов,Обрамление Elford для электрического очага,"15 085,00"
Облицовки электрических каминов,Обрамление Stone MB/L26 для электрического очага,"15 216,00"
Облицовки электрических каминов,Обрамление Athena для электрического очага,"17 358,00"
Очаги электрические,Очаг электрический Fobos Lux,"9 031,00"
Очаги электрические,Очаг электрический Majestic-S Lux BR,"10 600,00"
Очаги электрические,Очаг электрический Moon Blaze,"12 776,00"
Очаги электрические,Очаг электрический Firespace 33 S IR,"26 520,00"
"Арматура, уголки, трубы","Заглушка для труб 60х60 мм, 2 шт.","44,00"
"Арматура, уголки, трубы","Арматура металлическая 10 мм, А400/500С, 2.92 м","95,00"
"Арматура, уголки, трубы","Арматура металлическая 12 мм, А400/500С, 2.92 м","134,00"
"Арматура, уголки, трубы",Труба профильная 20x20x3000 мм,"178,00"
"Арматура, уголки, трубы",Труба профильная 40х20х3000 мм,"240,00"
"Арматура, уголки, трубы",Полоса металлическая 4х40x3000 мм,"300,00"
"Арматура, уголки, трубы","Проволока вязальная 1.2 мм, 5 кг","375,00"
"Арматура, уголки, трубы",Уголок металлический 32x32x4x2920 мм,"446,00"
"Арматура, уголки, трубы",Труба профильная 40x40x3000 мм,"446,00"
"Арматура, уголки, трубы",Уголок металлический 40x40x4x2920 мм,"470,00"
"Арматура, уголки, трубы","Столб для забора 45x51 мм, 2.4 м","530,00"
"Арматура, уголки, трубы","Арматура стеклопластиковая 6 мм, 50 м","531,00"
"Арматура, уголки, трубы","Арматура стеклопластиковая 8 мм, 50 м","738,00"
"Арматура, уголки, трубы",Уголок металлический 50x50x5x2920 мм,"824,00"
"Арматура, уголки, трубы",Труба профильная 60х60х3000 мм,"1 125,00"
"Арматура, уголки, трубы","Арматура стеклопластиковая 10 мм, 50 м","1 375,60"
"Арматура, уголки, трубы",Труба профильная 80х80х3000 мм,"1 973,00"
Кладочные и штукатурные сетки,"Сетка армированная Штрек 50х50х2х2 мм, 0.5x2 м","94,00"
Кладочные и штукатурные сетки,"Сетка кладочная армированная 50х50х2.5 мм, 0.5х2 м","99,00"
Кладочные и штукатурные сетки,"Сетка для армирования бетона 100x100x2.5 мм, 1x2 м","135,00"
Кладочные и штукатурные сетки,"Сетка металлическая Штрек 30х0.7х0.3 мм, 1x20 м","337,00"
Кладочные и штукатурные сетки,"Сетка металлическая Штрек 20х0.7х0.3 мм, 1x15 м","423,00"
Кладочные и штукатурные сетки,"Сетка металлическая Штрек 10х0.7х0.3 мм, 1x10 м","490,00"
Кладочные и штукатурные сетки,"Сетка кладочная армированная 50х50х2.5 мм, 0.5х15 м","1 341,00"
Геотекстиль дренажный,"Геотекстиль для садовых работ, легких дорог и стоянок Brane Geo Light, 35 м2","740,00"
Геотекстиль дренажный,"Геотекстиль для дорожных работ Brane Geo Hard, 35 м2","1 063,00"
Геотекстиль дренажный,Геотекстиль ландшафтный 1.2х40 м,"1 150,00"
Геотекстиль дренажный,"Геотекстиль иглопробивной Brane Geo Pro 100, 75 м2","1 888,00"
Дренажные каналы,Муфта для дренажной трубы 110 мм,"118,00"
Дренажные каналы,Заглушка для дренажной трубы 110 мм,"308,00"
Дренажные каналы,Отвод для дренажной трубы 110 мм x 90°,"377,00"
Дренажные каналы,Труба дренажная гофрированная перфорированная с геотканью 110 мм х 50 м,"6 298,00"
Тротуарная плитка,Плитка тротуарная «Калиф» 300х300х30 мм цвет серый,"44,00"
Тротуарная плитка,Плитка тротуарная «Калиф» 300х300х30 мм цвет красный,"51,00"
Тротуарная плитка,Бордюр 500х210х35 мм,"64,00"
Тротуарная плитка,Бордюр 500х210х70 мм,"80,00"
Тротуарная плитка,Водосток 500х160х50 мм,"100,00"
Лестницы строительные,Лестница приставная односекционная Standers 6 ступеней,"1 235,00"
Лестницы строительные,Лестница приставная односекционная Standers 8 ступеней,"1 605,00"
Лестницы строительные,Лестница приставная односекционная Standers 10 ступеней,"2 242,00"
Лестницы строительные,Лестница приставная односекционная Standers 12 ступеней,"2 812,00"
Лестницы строительные,Лестница-трансформер Centaure 4 секции по 3 ступени,"3 092,00"
Лестницы строительные,Лестница раскладная двухсекционная Standers 7 ступеней,"3 682,00"
Лестницы строительные,Лестница телескопическая 10 ступеней,"4 425,00"
Лестницы строительные,Лестница раскладная двухсекционная Standers 9 ступеней,"4 488,00"
Лестницы строительные,Лестница раскладная трёхсекционная Standers 7 ступеней,"5 238,00"
Лестницы строительные,Лестница раскладная трёхсекционная Standers 8 ступеней,"5 826,00"
Лестницы строительные,Лестница раскладная трёхсекционная Standers 9 ступеней,"6 470,00"
Лестницы строительные,Лестница раскладная трёхсекционная Standers 11 ступеней,"8 352,00"
Лестницы строительные,Лестница раскладная трёхсекционная Standers 14 ступеней,"14 681,00"
Вышки строительные,Мини-платформа Kroft 2 ступени,"1 405,00"
Вышки строительные,Мини-платформа Kroft 3 ступени,"1 907,00"
Вышки строительные,"Помост складной УЛТ-пс, алюминий","2 465,00"
Вышки строительные,Вышка-тура 3 м,"8 905,00"
Вышки строительные,"Вышка-тура УЛТ-60, окрашенная сталь","13 633,00"
Вышки строительные,"Вышка-тура УЛТ-120, окрашенная сталь","16 435,00"
Бетоносмесители,"Бетоносмеситель Б-63, 63 л","5 098,00"
Бетоносмесители,"Бетоносмеситель Б-120, 120 л","5 572,00"
Бетоносмесители,"Бетоносмеситель Kronwerk МС-160, 160 л","8 455,00"
Бетоносмесители,"Бетоносмеситель Kronwerk МС-180, 180 л","9 975,00"
Аксессуары для вышек и помостов,Подставка под ноги Kroft,"932,00"
Аксессуары для вышек и помостов,Секция дополнительная к УЛТ-60дск,"2 404,00"
Аксессуары для вышек и помостов,"Сетка строительная УЛТ-с, 4х25 м","2 714,00"
Аксессуары для вышек и помостов,Секция дополнительная к УЛТ-120дск,"3 140,00"
Аксессуары для вышек и помостов,Крюк кровельный Kroft,"3 817,00"
Аксессуары для вышек и помостов,Секция дополнительная для вышки-туры lj 5 v,"4 774,00"
Мешки строительные,"Мешок для мусора 55x95 см, ткань/полипропилен","8,00"
Мешки строительные,"Мешок для мусора 55х95 см, цвет белый","12,00"
Мешки строительные,Ветошь ХПП 1.3х5 м,"367,00"
Пленки строительные,Плёнка полиэтиленовая строительная 3х10 м,"255,00"
Пленки строительные,Плёнка полиэтиленовая укрывная 3х10 м,"256,00"
Пленки строительные,Плёнка строительная ПчГ-150 2х50 м,"644,00"
Тенты строительные,Тент строительный 2х3 м,"296,00"
Тенты строительные,Тент строительный 4x5 м,"404,70"
